From,To,alt
https://fors36.ru/,https://fors36.ru/upload/repeater/087/4feiahktdpjdom8smq09ev5gx59m0yyf.webp,Учебные автомобили в ряд 1
https://fors36.ru/,https://fors36.ru/upload/repeater/8cb/54d389mvqk8ta5av1k3c9mf342jr22ni.webp,Учебные автомобили в ряд 2
https://fors36.ru/autodrom/,https://fors36.ru/upload/iblock/614/0vgygjpk8xn1lc42h1n2myyhqe28y5xy.webp,Учебный грузовик на автодроме 1
https://fors36.ru/,https://fors36.ru/upload/repeater/7de/0pszea3qbluz90zp3ei5j91dq1y4cndu.webp,Учебный грузовик на автодроме 2
https://fors36.ru/accelerated/,https://fors36.ru/upload/iblock/b63/4vru8fxgqpf8dsf0m7sakvj2r8b1qc6q.webp,Мотоцикл фото 1
https://fors36.ru/instructors/,https://fors36.ru/upload/cssinliner_webp/resize_cache/iblock/939/750_750_1/hzws5ooexnkubcaulnd3ue77366u13ew.webp,Паспорт России
https://fors36.ru/autodrom/,https://fors36.ru/upload/iblock/750/zek9g83f6g8nn0rlwn6uxiw0zf775i00.webp,Инструктор у учебного автомобиля
https://fors36.ru/autodrom/,https://fors36.ru/upload/iblock/7be/025knayv1gxmqwiyvmunc2kpb588gq6q.webp,Учебное авто на площадке 1
https://fors36.ru/autodrom/,https://fors36.ru/upload/iblock/7be/025knayv1gxmqwiyvmunc2kpb588gq6q.webp,Учебное авто на площадке 2
https://fors36.ru/autodrom/,https://fors36.ru/upload/iblock/7be/025knayv1gxmqwiyvmunc2kpb588gq6q.webp,Учебное авто на площадке 3
https://fors36.ru/autodrom/,https://fors36.ru/upload/iblock/7be/025knayv1gxmqwiyvmunc2kpb588gq6q.webp,Учебное авто на площадке 4
https://fors36.ru/instructors/,https://fors36.ru/upload/cssinliner_webp/resize_cache/iblock/89b/750_750_1/zy2hw8e82rltmle192j6qrdcz0igne1b.webp,Смелый инструктор у машины
https://fors36.ru/instructors/,https://fors36.ru/upload/cssinliner_webp/resize_cache/iblock/ed3/750_750_1/dve1u5ztixu57eanm9y3yzn0n28cxpih.webp,Инструктор с улыбкой у автомобиля
https://fors36.ru/instructors/,https://fors36.ru/upload/cssinliner_webp/resize_cache/iblock/609/750_750_1/6j10azaz5ph39lvugcuxy4ulkzybmt3l.webp,Инструктор в голубой рубашке
https://fors36.ru/instructors/,https://fors36.ru/upload/cssinliner_webp/resize_cache/iblock/361/750_750_1/ietm53w48pkrjx991g1y9mb5f5b064ej.webp,Инструктор с седыми волосами
https://fors36.ru/instructors/,https://fors36.ru/upload/cssinliner_webp/resize_cache/iblock/862/750_750_1/a62o4j5rj6u8e7pgynqj0f798t56zkgf.webp,Инструктор опирается на машину
https://fors36.ru/instructors/,https://fors36.ru/upload/cssinliner_webp/resize_cache/iblock/c2c/750_750_1/j6ep3ddtvd6t204r06zj5hahgknpjx91.webp,Инструктор с рукой в кармане
https://fors36.ru/instructors/,https://fors36.ru/upload/cssinliner_webp/resize_cache/iblock/9aa/750_750_1/5rj3jjbrk9zftwjefcycwynuqcz5ua2q.webp,Инструктор смотрит в сторону
https://fors36.ru/instructors/,https://fors36.ru/upload/cssinliner_webp/resize_cache/iblock/5ae/750_750_1/zxu3hipi4l6u8rw73btjh4v1by3qrxlp.webp,Инструктор с белыми волосами
https://fors36.ru/instructors/,https://fors36.ru/upload/cssinliner_webp/resize_cache/iblock/d2e/750_750_1/1m9k79svzvg42imr5en6h2elzy9gfxcm.webp,Инструктор с серьёзным видом
https://fors36.ru/instructors/,https://fors36.ru/upload/cssinliner_webp/resize_cache/iblock/1c2/750_750_1/lja1f9lqy9zzig7jc1wblmxiu4xpz416.webp,Лысый инструктор с крестными руками
https://fors36.ru/instructors/,https://fors36.ru/upload/cssinliner_webp/resize_cache/iblock/770/750_750_1/j2bcxaabfzgnmxw0oel45jtwyx44q1pr.webp,Опытный инструктор у автомобиля
https://fors36.ru/instructors/,https://fors36.ru/upload/cssinliner_webp/resize_cache/iblock/8f2/750_750_1/oliahzdjmg50tr9dl4ps1xz2xpv8zdmw.webp,Женщина инструктор у автомобиля
https://fors36.ru/instructors/,https://fors36.ru/upload/cssinliner_webp/resize_cache/iblock/a86/750_750_1/k2oy2larlcz9uhhvqbjmcax96j0h5bpf.webp,Инструктор в клетчатой рубашке
https://fors36.ru/instructors/,https://fors36.ru/upload/cssinliner_webp/resize_cache/iblock/ebf/750_750_1/o0xbfp3jofiiwdevnj4mq2g3o7t4afuy.webp,Инструктор с бородой показывает лайк
https://fors36.ru/instructors/,https://fors36.ru/upload/cssinliner_webp/resize_cache/iblock/ed4/750_750_1/0ksnx588lbmdgvka08yp5y2ft5lsevkj.webp,Инструктор сидит на мотоцикле
https://fors36.ru/instructors/,https://fors36.ru/upload/cssinliner_webp/resize_cache/iblock/fd6/750_750_1/umg5u8j4ll27qcutaksldojis6olbc6f.webp,Инструктор с бритой головой
https://fors36.ru/instructors/,https://fors36.ru/upload/cssinliner_webp/resize_cache/iblock/9c4/750_750_1/gn1tjz1s6l9gxw9426elp89xem6eyynz.webp,Инструктор с бородой у автомобиля
https://fors36.ru/instructors/,https://fors36.ru/upload/cssinliner_webp/resize_cache/iblock/004/750_750_1/hfhmbozn0n6410p42y3h1im7w6tm37m4.webp,Молодой лысый инструктор
https://fors36.ru/accelerated/,https://fors36.ru/upload/iblock/deb/35nrnvw09fi4mrxjgeyq5vd43ftdwv61.webp,Улыбающийся инструктор
https://fors36.ru/accelerated/,https://fors36.ru/upload/iblock/86b/mdoypaogdmgn50blgqypcbdzi7if0kbt.webp,Девушка в красном у машины
https://fors36.ru/accelerated/,https://fors36.ru/upload/iblock/a7e/j93r7ds0a9mzkgnf1bgsojd3dgsgv4xi.webp,Учебная машина объезжает конус
https://fors36.ru/accelerated/,https://fors36.ru/upload/iblock/722/n0vbkwfjaac62m2khepdlsivfo17ry1n.webp,Учебный грузовик с рекламой 3
https://fors36.ru/category/kategoriya-v-v1/,https://fors36.ru/upload/uf/603/29tdaqimehh7p623toz88zop491xh9sp.webp,Бланк медицинской справки
https://fors36.ru/accelerated/,https://fors36.ru/upload/iblock/edd/slmf001qgekxoukc99u7e4223bkcn9i3.webp,Учебная машина на набережной
https://fors36.ru/accelerated/,https://fors36.ru/upload/iblock/175/r9j7zdvf4mzhmxtvdfhzauls45nqtpvf.webp,Образец водительского удостоверения
https://fors36.ru/category/kategoriya-v-v1/,https://fors36.ru/upload/uf/154/tl1jvo07wfyz4k9ofjah0kepb3j0ncqa.webp,Учебная машина на автодроме
https://fors36.ru/category/kategoriya-v-v1/,https://fors36.ru/upload/cssinliner_webp/iblock/bb1/5n1cu86fb1igs9tnq34e9rnklm2x7epn.webp,Мотоцикл фото 2
https://fors36.ru/category/kategoriya-kvadrotsikly/,https://fors36.ru/upload/iblock/13f/nmiyddn5bfc466n8zhn9b8hgiwl0jslu.webp,Учебный автомобиль в лесу
https://fors36.ru/gifts/,https://fors36.ru/upload/iblock/6a2/q9wjcdo867iybqse8mwinwd661odnv06.webp,Девушка отдыхает у квадроцикла
https://fors36.ru/gifts/,https://fors36.ru/upload/iblock/9cc/4po1ij9jfvlggpd9k1ajyjryppm3ho3r.webp,Три девушки у учебного авто
https://fors36.ru/accelerated/,https://fors36.ru/upload/iblock/9cc/4po1ij9jfvlggpd9k1ajyjryppm3ho3r.webp,Три девушки у учебного авто 2
https://fors36.ru/category/kategoriya-d-d1/,https://fors36.ru/upload/iblock/8e8/payrwig4mfy1x3hw1lc9duj1pulo4zsh.webp,Девушки с дымовыми факелами у авто
https://fors36.ru/policy/,https://fors36.ru/upload/iblock/325/2b3h87xoc29aanp0dxl159klbssc5lv4.webp,Жёлтый дым у автомобиля
https://fors36.ru/policy/,https://fors36.ru/upload/iblock/2ad/evku05pgkbbyj8k0tbn1j9x1n6zdbmw4.webp,Свидетельство об окончании обучения 1
https://fors36.ru/policy/,https://fors36.ru/upload/iblock/2ad/evku05pgkbbyj8k0tbn1j9x1n6zdbmw4.webp,Свидетельство об окончании обучения 2
https://fors36.ru/policy/,https://fors36.ru/upload/iblock/ab7/xjqrojoq15dj257z8q2owv1zsoztds9z.webp,Чёрно-белый бланк свидетельства
https://fors36.ru/payment/,https://fors36.ru/upload/iblock/807/gynvf0pidcu42irpcvha461vd2lb7hlr.webp,Бланк лицензии на обучение
https://fors36.ru/category/kategoriya-e/,https://fors36.ru/upload/iblock/524/m21e3xmebj6vfq0skfn94jmhd41tfmw8.webp,Учебные автомобили в ряд 3
https://fors36.ru/driving/,https://fors36.ru/upload/iblock/ff1/ohe2mbwxnv58nvxbuawaok65szd3dutg.webp,Учебный грузовик с прицепом 4
https://fors36.ru/category/kategoriya-a-a1/,https://fors36.ru/upload/iblock/7fa/kurm8ed1t1kisp70tp1gmv7l1e5pta8o.webp,Учебные автомобили с конусами
https://fors36.ru/category/kategoriya-m/,https://fors36.ru/upload/iblock/7fa/kurm8ed1t1kisp70tp1gmv7l1e5pta8o.webp,Учебные автомобили с конусами 2
https://fors36.ru/extremal/,https://fors36.ru/upload/iblock/7c4/jodg4wdivbas7n5d70e5ikxde5dbjv1r.webp,Мотоциклист демонстрирует баланс
https://fors36.ru/exams/,https://fors36.ru/upload/iblock/cb8/xpv81y1g3uteqllvllqax81sglmhlh4u.webp,Девушка у двух учебных автомобилей
https://fors36.ru/exams/,https://fors36.ru/upload/iblock/1ec/9sx3oai41e63m6aosm3irwjb97g9kvyv.webp,Учебная машина на площадке с конусами
https://fors36.ru/exams/,https://fors36.ru/upload/iblock/aa4/pi1xrrbd1s10eb8pu8sc2ffxgie32ly5.webp,Учебные автомобили на парковке 4
https://fors36.ru/price/,https://fors36.ru/upload/iblock/aee/q150nce1gakpw835o7fey79jhlavk0t9.webp,Девушка в форме у авто 1
https://fors36.ru/shares/,https://fors36.ru/upload/iblock/aee/q150nce1gakpw835o7fey79jhlavk0t9.webp,Девушка в форме у авто 2
https://fors36.ru/shares/500-rub-na-schet-mobilnogo-telefona/,https://fors36.ru/upload/iblock/aee/q150nce1gakpw835o7fey79jhlavk0t9.webp,Девушка в форме у авто 3
https://fors36.ru/shares/skidka-studentam-vygoda-do-4500-rub/,https://fors36.ru/upload/iblock/aee/q150nce1gakpw835o7fey79jhlavk0t9.webp,Девушка в форме у авто 4
https://fors36.ru/shares/akciya-dlya-uchastnikov-svo-i-ih-semej/,https://fors36.ru/upload/iblock/aee/q150nce1gakpw835o7fey79jhlavk0t9.webp,Девушка в форме у авто 5
https://fors36.ru/price/,https://fors36.ru/upload/iblock/8b1/fjasmuf7vcw1k5ibani41mvlj1m7ub6j.webp,Две чирлидерши у учебных машин
https://fors36.ru/category/kategoriya-c-s1/,https://fors36.ru/upload/iblock/b47/tipa7qqsmc1hdlii0uomq27i3hdnbznr.webp,Учебный грузовик на парковке 5
https://fors36.ru/gallery/vozhdenie/,https://fors36.ru/upload/cssinliner_webp/resize_cache/iblock/591/500_500_1/2k1394iwmj6170zjic08f2bhtm42mkb7.webp,Учебная машина на площадке 5
https://fors36.ru/gallery/vozhdenie/,https://fors36.ru/upload/cssinliner_webp/resize_cache/iblock/e9b/500_500_1/8r8wu0ao9rle8y4hogd0f63dd7edp2l4.webp,Девушка за рулём автомобиля
https://fors36.ru/gallery/vozhdenie/,https://fors36.ru/upload/cssinliner_webp/resize_cache/iblock/a7c/500_500_1/aiczcnrwdqbyrzp8ee0gptzruojxk3dr.webp,Боковое зеркало учебного автомобиля
https://fors36.ru/instructors/petrenko-oleg-vladimirovich/,https://fors36.ru/upload/cssinliner_webp/resize_cache/iblock/939/950_950_1/hzws5ooexnkubcaulnd3ue77366u13ew.webp,Паспорт России
https://fors36.ru/instructors/plukchiy-aleksandr-vasilevich/,https://fors36.ru/upload/cssinliner_webp/resize_cache/iblock/fd6/950_950_1/umg5u8j4ll27qcutaksldojis6olbc6f.webp,Инструктор с бритой головой
https://fors36.ru/instructors/saprykin-aleksandr-vladimirovich/,https://fors36.ru/upload/cssinliner_webp/resize_cache/iblock/9aa/950_950_1/5rj3jjbrk9zftwjefcycwynuqcz5ua2q.webp,Инструктор смотрит в сторону
https://fors36.ru/instructors/podolskiy-vitaliy-petrovich/,https://fors36.ru/upload/cssinliner_webp/resize_cache/iblock/9c4/950_950_1/gn1tjz1s6l9gxw9426elp89xem6eyynz.webp,Инструктор с бородой у автомобиля
https://fors36.ru/instructors/kuzmina-nadezhda-aleksandrovna/,https://fors36.ru/upload/cssinliner_webp/resize_cache/iblock/8f2/950_950_1/oliahzdjmg50tr9dl4ps1xz2xpv8zdmw.webp,Женщина инструктор у автомобиля
https://fors36.ru/instructors/semyannikov-roman-nikolaevich/,https://fors36.ru/upload/cssinliner_webp/resize_cache/iblock/ed4/950_950_1/0ksnx588lbmdgvka08yp5y2ft5lsevkj.webp,Инструктор сидит на мотоцикле
https://fors36.ru/instructors/kurchevskiy-aleksandr-sergeevich/,https://fors36.ru/upload/cssinliner_webp/resize_cache/iblock/d2e/950_950_1/1m9k79svzvg42imr5en6h2elzy9gfxcm.webp,Инструктор с серьёзным видом
https://fors36.ru/instructors/ivannikov-gennadiy-viktorovich/,https://fors36.ru/upload/cssinliner_webp/resize_cache/iblock/361/950_950_1/ietm53w48pkrjx991g1y9mb5f5b064ej.webp,Инструктор с седыми волосами
https://fors36.ru/instructors/nikonov-sergey-vasilevich/,https://fors36.ru/upload/cssinliner_webp/resize_cache/iblock/a86/950_950_1/k2oy2larlcz9uhhvqbjmcax96j0h5bpf.webp,Инструктор в клетчатой рубашке
https://fors36.ru/instructors/kulakov-igor-vasilevich/,https://fors36.ru/upload/cssinliner_webp/resize_cache/iblock/5ae/950_950_1/zxu3hipi4l6u8rw73btjh4v1by3qrxlp.webp,Инструктор с белыми волосами
https://fors36.ru/instructors/kalinichenko-igor-nikolaevich/,https://fors36.ru/upload/cssinliner_webp/resize_cache/iblock/770/950_950_1/j2bcxaabfzgnmxw0oel45jtwyx44q1pr.webp,Опытный инструктор у автомобиля
https://fors36.ru/instructors/uskov-valeriy-vladimirovich/,https://fors36.ru/upload/cssinliner_webp/resize_cache/iblock/c2c/950_950_1/j6ep3ddtvd6t204r06zj5hahgknpjx91.webp,Инструктор с рукой в кармане
https://fors36.ru/instructors/efremov-sergey-vladimirovich/,https://fors36.ru/upload/cssinliner_webp/resize_cache/iblock/609/950_950_1/6j10azaz5ph39lvugcuxy4ulkzybmt3l.webp,Инструктор в голубой рубашке
https://fors36.ru/instructors/tolstykh-dmitriy-sergeevich/,https://fors36.ru/upload/cssinliner_webp/resize_cache/iblock/004/950_950_1/hfhmbozn0n6410p42y3h1im7w6tm37m4.webp,Молодой лысый инструктор
https://fors36.ru/instructors/rengevich-vyacheslav-vladimirovich/,https://fors36.ru/upload/cssinliner_webp/resize_cache/iblock/ed3/950_950_1/dve1u5ztixu57eanm9y3yzn0n28cxpih.webp,Инструктор с улыбкой у автомобиля
https://fors36.ru/instructors/sachkov-konstantin-vitalevich/,https://fors36.ru/upload/cssinliner_webp/resize_cache/iblock/89b/950_950_1/zy2hw8e82rltmle192j6qrdcz0igne1b.webp,Смелый инструктор у машины
https://fors36.ru/instructors/makarov-artem-evgenevich/,https://fors36.ru/upload/cssinliner_webp/resize_cache/iblock/ebf/950_950_1/o0xbfp3jofiiwdevnj4mq2g3o7t4afuy.webp,Инструктор с бородой показывает лайк
https://fors36.ru/category/kategoriya-v-v1/,https://fors36.ru/upload/iblock/f54/vyhf74vso0kd10rn66f6fchs335uefqa.webp,Автомобиль проезжает шашки
